house_id,city,sale_price,sale_date,months_listed,bedrooms,house_type,area
1217792,3,55943,2021-09-12,5.4,2,3,24
1900913,3,384677,2021-01-17,6.3,5,1,1016
1174927,2,281707,2021-11-10,6.9,6,1,1121
1773666,3,373251,2020-04-13,6.1,6,0,1083
1258487,3,328885,2020-09-24,8.7,5,1,963
1539789,2,47143,2020-09-25,5.1,2,3,66
1353069,4,429914,2021-05-18,5.901497617426821,6,1,1126
1155864,4,284440,2020-10-15,5.8,4,1,688
1608726,4,87134,2021-01-07,4.4,2,3,77
1358764,1,211203,2020-05-04,3.0,4,1,690
1277089,4,382655,2021-10-26,4.6,5,1,834
1117876,2,54934,2020-06-11,3.7,2,3,133
1710056,3,297101,2022-10-10,5.8,4,1,748
1860591,1,171502,2021-08-04,6.2,4,1,529
1470021,2,158198,2020-08-18,5.3,4,1,560
1396614,4,428808,2021-07-18,3.5,6,1,1153
1369220,4,269688,2020-11-23,5.0,4,1,697
1195530,3,208965,2020-06-05,4.6,3,1,499
1384054,3,257146,2020-11-19,5.5,4,1,752
1070852,2,160653,2020-02-25,6.9,4,1,558
1239607,1,173098,2020-04-16,5.901497617426821,3,1,506
1234703,1,44759,2020-01-14,7.8,2,5,148
1029340,4,257485,2022-12-28,4.9,4,1,612
1230625,3,360545,2020-04-07,6.2,6,1,1046
1509752,1,299439,2020-01-09,4.7,6,1,1095
1690505,1,181902,2021-08-29,8.9,4,1,545
1333241,2,247401,2022-05-20,3.7,5,1,985
1460636,3,297446,2021-12-13,4.7,5,1,822
1925995,4,429022,2020-10-27,5.9,6,1,1094
1751885,2,74877,2022-08-22,3.8,3,3,272
1357314,4,415389,2022-11-14,4.8,6,1,1061
1598280,4,91672,2020-04-13,7.6,3,5,322
1042443,3,76722,2021-04-02,6.4,2,3,158
1418816,4,202506,2020-01-31,5.8,3,1,390
1865882,3,77037,2020-09-29,6.4,2,2,173
1247170,3,396370,2022-09-05,5.4,6,0,1151
1883852,3,91287,2020-07-23,7.9,2,3,192
1862984,4,197265,2020-10-14,6.1,3,1,391
1183122,2,89504,2020-08-03,6.6,3,3,320
1948789,2,215858,2020-07-05,5.4,5,1,833
1789755,1,141265,2022-04-03,4.1,3,1,362
1734155,3,309230,2022-01-14,7.4,5,1,918
1685700,4,77482,2021-03-19,7.1,2,3,75
1629610,4,305026,2022-04-29,5.4,4,1,739
1377013,2,224905,2022-10-16,6.9,5,1,904
1223765,3,299889,2022-08-02,6.7,5,1,812
1257849,1,183020,2021-09-30,5.5,3,1,510
1650856,1,266342,2020-09-29,3.9,5,1,920
1737725,4,320752,2021-09-07,5.1,5,1,783
1626594,1,286361,2022-07-30,4.3,5,1,979
1513904,4,375974,2022-01-03,6.1,6,1,1040
1517850,3,201771,2020-12-27,5.8,3,1,431
1915202,4,349648,2020-06-15,5.4,5,1,861
1910882,3,79784,2022-09-07,6.9,2,3,136
1303283,4,239106,2022-09-17,5.0,4,1,562
1037597,1,50975,2022-09-23,7.8,2,3,56
1075629,4,340734,2021-06-05,8.1,5,1,780
1028805,2,245261,2022-08-06,6.5,6,1,1149
1161276,3,418131,2022-05-10,7.7,6,1,1258
1631243,2,205905,2021-02-28,7.6,4,1,715
1010355,1,61207,2020-06-27,5.2,2,3,124
1289493,3,63949,2020-10-06,2.6,2,5,201
1197355,4,285132,2022-12-18,3.8,4,1,606
1351812,2,229931,2021-12-22,3.5,5,1,863
1505538,3,380205,2022-12-19,4.2,6,1,1060
1433252,4,316508,2021-07-31,1.2,4,1,722
1882469,4,456663,2020-09-28,8.0,6,1,1272
1094683,2,173451,2021-12-22,5.6,4,1,626
1512144,3,429969,2022-05-16,8.1,6,1,1248
1385300,1,215575,2022-10-02,6.3,4,1,636
1222170,4,187712,2021-08-04,6.5,3,1,349
1734425,1,210941,2021-05-23,7.8,4,1,599
1534182,1,160239,2020-11-13,6.6,3,1,432
1358048,4,256985,2020-03-08,8.1,4,1,542
1648119,3,184410,2021-11-06,3.3,3,1,444
1101259,3,332355,2022-02-04,7.3,5,1,896
1000296,3,268043,2020-06-04,7.4,4,1,746
1981646,2,26348,2022-10-03,5.901497617426821,2,5,27
1783843,2,43047,2021-04-20,9.4,2,3,30
1203285,3,359392,2022-02-25,8.9,6,1,1069
1624288,3,69405,2020-06-18,7.8,3,5,247
1487654,0,72586,2020-05-28,5.4,2,3,130
1932412,4,201099,2020-12-28,7.8,3,1,366
1579084,4,59814,2021-02-13,6.9,2,5,134
1926110,1,67184,2021-05-14,7.8,2,3,122
1589617,1,157600,2021-10-11,5.901497617426821,3,1,403
1655164,3,210697,2020-06-24,8.8,4,1,540
1546532,3,245619,2021-02-24,6.4,4,1,676
1722810,3,351162,2021-06-04,6.0,5,1,921
1690740,0,338647,2022-12-28,3.7,5,1,915
1552726,2,143188,2022-02-11,7.1,3,1,469
1548631,4,318442,2020-06-03,5.6,4,1,693
1582571,4,98395,2022-03-10,5.9,2,3,157
1584947,4,151648,2020-07-11,7.1,2,1,226
1821125,3,269871,2020-05-28,3.6,5,1,806
1879053,4,87891,2022-07-08,3.2,2,2,132
1079746,1,162407,2021-11-09,8.5,3,1,495
1138391,1,273335,2021-12-04,5.901497617426821,5,1,924
1472754,2,168295,2020-07-16,6.2,4,1,590
1236600,4,336904,2021-09-15,7.6,5,1,891
1735694,3,52920,2021-04-24,3.5,2,5,142
1731318,1,190121,2021-03-18,4.3,4,1,543
1036836,2,211025,2020-04-10,4.4,5,1,780
1176670,2,282420,2021-06-04,5.3,6,1,1169
1110512,1,95564,2022-11-28,4.5,3,3,274
1189566,3,366021,2021-08-11,10.4,5,1,997
1563589,3,227392,2021-05-28,4.7,4,1,569
1471465,3,254781,2021-01-27,9.2,4,1,696
1235265,4,408029,2020-12-25,5.1,5,1,1002
1262675,3,301292,2021-10-07,4.8,5,0,851
1729386,3,113242,2022-06-14,8.0,3,3,338
1268745,3,245426,2020-07-14,6.9,4,1,679
1161942,1,71597,2021-04-20,5.2,3,5,303
1462894,1,362570,2020-05-16,7.6,6,1,1178
1013721,3,383336,2020-09-13,3.7,6,1,1165
1115973,3,102825,2022-02-26,6.1,2,3,227
1856639,4,452661,2022-07-27,1.7,6,1,1201
1541723,3,128097,2021-07-23,8.0,2,1,236
1688040,1,324382,2020-07-05,7.3,6,1,1110
1345063,1,316638,2020-12-22,6.3,6,1,1092
1017461,2,52380,2021-06-06,10.2,3,5,267
1384509,4,139212,2021-01-09,0.8,3,3,275
1789270,3,212638,2022-10-05,5.7,4,1,565
1748617,4,269311,2020-02-07,6.1,4,1,711
1941287,1,66253,2022-02-22,4.3,2,3,115
1553504,1,53400,2021-01-19,7.4,2,5,164
1500060,1,280043,2021-02-20,2.6,5,1,902
1852386,2,217948,2022-02-11,2.0,5,1,897
1076417,3,179314,2020-01-17,5.3,3,1,379
1924904,1,229070,2021-04-30,8.5,4,1,730
1265706,4,441050,2021-07-04,3.5,6,1,1203
1409662,0,357657,2021-08-06,8.7,6,1,1256
1032875,3,354427,2021-05-14,2.3,5,0,935
1286417,3,386001,2022-09-17,4.5,6,1,1076
1182802,4,319386,2020-11-26,6.1,5,1,770
1831163,3,267777,2022-12-10,5.9,4,1,705
1826227,3,331802,2020-11-06,4.5,6,1,1022
1844551,4,455750,2022-05-18,4.5,6,1,1173
1462292,2,146841,2020-11-13,5.0,4,1,578
1683098,2,129772,2022-08-03,6.9,3,1,411
1947450,1,273134,2020-02-13,4.5,5,1,985
1269475,1,51167,2021-08-14,7.1,2,3,50
1261658,1,125551,2020-06-09,4.3,3,1,308
1245207,3,334500,2021-02-19,6.5,5,1,952
1281028,2,229632,2020-01-10,6.4,6,1,1028
1462313,4,509536,2022-09-21,8.1,6,1,1244
1429810,4,206593,2022-12-21,6.9,3,1,425
1010812,2,296638,2021-01-10,6.1,6,1,1160
1091914,0,94535,2021-09-16,5.901497617426821,2,3,218
1850313,1,222766,2020-01-07,8.5,4,1,752
1506704,3,256261,2020-06-29,8.6,4,1,708
1868812,3,263779,2022-01-08,9.2,4,1,721
1315287,3,144728,2022-05-18,3.7,3,1,251
1692792,2,35548,2020-01-22,10.2,2,5,108
1776487,3,318196,2020-07-27,2.0,5,1,946
1828946,4,286527,2022-10-14,7.1,4,1,623
1727493,2,59039,2020-10-08,6.7,2,3,140
1067695,1,346812,2020-10-07,6.6,6,1,1185
1945061,4,309372,2022-04-04,6.1,5,1,766
1045300,4,263255,2022-02-23,4.4,4,1,677
1421698,1,332567,2022-06-20,4.5,6,1,1182
1149299,1,127143,2022-07-12,6.5,3,1,350
1573891,4,419696,2022-01-10,4.8,6,1,1163
1214267,0,140986,2022-02-10,3.7,3,3,313
1437188,2,197759,2022-04-16,6.6,4,1,717
1608672,3,116013,2020-01-15,7.5,3,3,262
1176545,3,314469,2021-02-14,4.7,5,0,955
1728821,4,348439,2020-01-17,7.3,5,1,895
1527410,3,298567,2022-04-09,5.0,5,0,809
1525711,3,238000,2021-03-01,4.3,4,1,648
1488937,1,194180,2020-09-08,3.0,4,1,543
1318782,4,82092,2022-07-20,4.6,3,5,294
1982588,1,315322,2020-10-01,5.9,6,1,1156
1529229,3,252919,2022-09-21,6.2,4,1,655
1919512,1,50443,2020-12-14,3.9,2,3,46
1161250,2,209008,2021-08-30,5.2,5,1,789
1988984,3,224529,2020-04-12,9.6,4,1,580
1060270,4,493150,2020-01-16,9.7,6,1,1207
1071778,4,447055,2022-11-26,5.901497617426821,6,1,1134
1687847,1,35158,2020-08-09,8.0,2,5,71
1249631,4,66955,2022-12-16,5.901497617426821,2,5,144
1788752,4,192159,2020-04-12,6.8,3,0,405
1345608,0,187927,2021-12-24,6.2,3,1,416
1940329,0,406282,2022-03-29,2.2,6,1,1205
1619876,1,46581,2021-10-11,6.9,2,5,129
1733693,2,313445,2021-04-17,8.6,6,1,1257
1159626,1,96441,2021-10-12,2.5,3,3,297
1627838,4,251786,2022-03-03,3.7,4,1,647
1102880,4,501427,2022-09-02,4.8,6,1,1268
1564018,3,196885,2021-08-28,4.5,3,1,484
1380656,0,186001,2021-08-18,5.5,3,1,457
1643636,4,344388,2021-03-13,8.5,5,0,933
1150963,1,291063,2022-07-19,4.6,5,1,954
1007511,0,263040,2020-04-23,4.2,5,1,871
1803730,3,318996,2022-01-17,5.2,5,1,829
1037981,3,98234,2022-03-14,3.6,2,3,231
1978854,4,449907,2022-09-30,6.2,6,1,1228
1166157,2,258044,2022-01-20,4.0,6,1,1053
1096258,1,183004,2022-06-18,5.0,4,1,609
1594453,4,283127,2021-06-25,3.3,4,1,665
1167858,3,364186,2022-06-15,5.9,5,1,993
1567991,3,111965,2022-06-14,9.6,3,3,292
1924543,3,73221,2022-01-25,8.3,3,5,296
1847369,3,57602,2021-07-15,4.8,2,3,37
1081697,4,307538,2021-09-24,4.9,5,1,778
1035135,4,190517,2021-03-09,6.8,3,1,345
1176419,4,149373,2022-11-28,6.4,3,3,300
1889338,2,268716,2022-09-02,6.6,6,1,1078
1644080,4,345701,2020-11-10,8.1,5,1,850
1442229,3,115173,2021-12-21,6.7,3,3,295
1448759,2,57616,2020-06-28,10.7,2,3,147
1780975,0,44968,2021-10-26,6.9,2,3,72
1599167,1,30608,2021-03-14,4.1,2,5,6
1237166,3,108829,2020-02-20,2.7,3,3,315
1130002,1,343253,2022-08-05,3.8,6,1,1125
1649002,4,496913,2020-02-15,6.7,6,0,1231
1221595,2,297818,2021-04-27,6.4,6,1,1155
1731309,1,320985,2022-05-05,3.4,5,1,975
1715748,4,280447,2022-11-13,6.3,4,1,652
1547654,3,240690,2020-08-10,7.0,4,1,661
1258196,1,169287,2022-12-13,4.1,3,1,389
1426605,2,281208,2021-11-26,9.1,6,0,1144
1549920,2,28517,2022-12-29,4.9,2,5,42
1700474,4,253929,2021-10-18,7.5,3,1,478
1960809,3,69767,2020-07-30,3.2,2,5,237
1850041,1,61313,2022-10-17,4.1,2,3,76
1694974,3,180249,2022-06-10,5.7,3,0,369
1552267,1,188541,2021-02-07,6.5,3,1,505
1436311,0,114865,2020-09-29,5.3,2,3,238
1646556,2,283517,2021-01-22,6.9,6,1,1118
1969099,0,158584,2020-08-20,4.1,3,1,351
1491743,3,253081,2021-01-25,4.9,4,1,695
1473953,4,74855,2022-10-01,5.4,3,5,259
1531316,4,222602,2022-08-07,5.8,3,1,452
1246779,3,361507,2022-08-18,3.3,6,1,1031
1361643,1,290760,2021-05-10,6.9,6,1,1033
1289616,3,129211,2020-12-22,2.7,3,3,332
1572330,1,55775,2020-03-22,6.9,2,3,72
1229417,4,459909,2021-06-03,2.8,6,1,1177
1207578,3,110808,2022-12-11,5.7,2,1,200
1915132,1,234585,2021-08-28,8.2,4,1,740
1987264,3,185864,2021-11-24,4.5,3,1,378
1179393,0,106067,2022-12-01,6.4,2,3,242
1480556,1,143888,2022-12-05,4.2,3,1,373
1435028,1,155078,2020-02-09,11.4,3,1,440
1892989,3,246488,2021-01-05,4.9,4,1,642
1564132,1,66189,2021-02-25,7.7,3,5,280
1948436,4,291468,2022-09-26,6.0,4,1,600
1406027,3,424964,2020-03-15,8.2,6,1,1245
1245874,3,368273,2021-01-16,6.3,6,1,1081
1618928,3,56447,2022-11-23,7.7,2,2,2
1135020,4,471186,2020-05-17,3.7,6,1,1269
1569966,3,60728,2021-12-07,4.5,2,5,184
1351828,1,148432,2020-08-15,5.3,3,1,387
1512484,4,100458,2021-10-30,10.0,2,3,156
1953702,0,53633,2021-05-24,4.9,2,3,11
1774951,3,419696,2022-01-05,9.4,6,1,1232
1230049,3,156392,2021-12-09,2.9,3,1,356
1535520,4,263646,2021-07-10,9.6,4,1,601
1948958,3,384440,2020-04-29,10.1,6,1,1190
1095534,2,222905,2020-11-14,7.3,5,1,876
1388933,1,169743,2022-03-07,5.3,3,1,489
1643896,4,237206,2022-04-09,9.1,3,1,494
1877172,1,39578,2020-02-19,7.9,2,5,73
1869923,3,276995,2020-03-24,3.2,4,1,643
1289056,1,97776,2022-01-17,3.9,3,3,243
1481658,2,215675,2021-11-01,8.1,5,1,982
1278608,1,256776,2020-05-17,7.1,5,1,868
1144804,3,203563,2021-05-13,4.4,3,1,491
1450270,1,208082,2022-06-28,6.4,4,1,667
1320300,3,63745,2020-07-27,5.7,2,3,69
1813952,0,74913,2020-09-16,5.7,2,5,172
1010031,3,408685,2021-06-14,2.9,6,1,1176
1885450,3,279118,2022-07-30,5.5,5,0,878
1884030,1,204428,2021-05-17,6.3,4,1,575
1911709,3,198055,2020-01-12,7.2,3,1,500
1018165,1,89000,2021-08-21,6.9,2,3,215
1338077,1,255176,2022-09-15,3.4,4,1,756
1100407,3,237629,2021-06-05,3.9,4,1,659
1585230,0,60662,2021-11-12,6.5,2,3,34
1202901,2,316761,2021-02-04,7.3,6,1,1263
1024283,4,358561,2021-12-01,6.8,5,1,820
1300327,2,200398,2021-03-20,5.5,4,1,755
1140466,2,254331,2022-11-07,5.8,5,1,953
1512919,3,413258,2022-09-28,10.5,6,0,1220
1937577,2,203649,2022-05-26,7.1,4,0,754
1592992,3,337266,2021-01-05,8.1,5,1,999
1762638,4,233845,2022-10-24,2.6,4,1,538
1160936,4,122329,2021-07-11,9.9,3,3,247
1554766,1,212534,2020-03-27,5.1,4,1,595
1835470,2,148661,2022-01-12,6.5,3,1,466
1594921,1,211316,2022-06-17,6.6,4,1,692
1113820,1,203732,2021-01-05,5.901497617426821,4,1,607
1816606,3,81868,2020-04-30,5.0,2,3,150
1042506,1,185911,2022-10-04,6.1,4,1,568
1567056,1,60297,2021-01-20,4.6,2,3,118
1829376,1,220123,2022-05-16,4.1,4,1,671
1645993,4,343401,2020-05-16,2.6,5,1,771
1536822,3,249262,2020-03-17,7.4,4,1,687
1057028,0,383882,2020-07-22,5.8,5,1,972
1560933,3,357382,2022-11-12,7.7,6,1,1103
1929594,3,156936,2020-03-09,6.1,3,1,375
1742630,1,172360,2022-12-30,5.2,3,1,481
1227304,2,135691,2021-10-21,4.7,3,1,393
1633532,3,277277,2021-12-11,5.2,5,1,802
1730020,2,47982,2022-07-28,7.0,2,5,211
1688219,1,155232,2020-12-28,6.0,3,1,399
1838239,3,274027,2020-06-28,4.9,4,1,713
1664271,3,100578,2021-08-23,6.7,2,3,214
1749742,4,72401,2021-01-20,6.0,2,5,203
1580068,3,185532,2022-12-22,6.2,3,1,448
1466804,3,175314,2022-07-16,7.9,3,0,346
1738352,4,146652,2020-05-15,4.8,3,3,341
1550941,2,61163,2020-12-31,4.7,2,3,170
1818481,3,345139,2022-10-18,3.1,5,1,917
1481909,3,276398,2021-07-23,7.2,4,1,702
1096726,3,200048,2022-08-30,7.1,3,1,409
1698278,1,268610,2022-09-29,7.2,5,0,823
1722437,3,264477,2020-08-06,2.6,5,1,803
1281734,1,36152,2022-05-13,7.4,2,5,29
1112630,4,444695,2022-11-23,7.0,6,1,1141
1389000,1,336815,2020-06-14,5.8,6,1,1247
1589593,3,113624,2021-09-13,5.1,3,3,273
1709120,3,344630,2020-04-08,9.3,5,1,947
1012593,1,361033,2022-07-08,4.7,6,1,1184
1953115,4,244749,2022-10-02,5.8,4,1,553
1507065,3,420380,2020-04-08,4.3,6,1,1120
1806448,3,312813,2022-06-08,4.6,5,1,912
1168631,4,292514,2020-02-08,9.0,4,1,683
1605792,4,230687,2021-07-07,3.1,3,1,511
1510886,3,293286,2022-05-04,10.2,4,1,753
1390771,3,318460,2020-07-06,3.5,5,1,934
1884320,4,74077,2021-09-08,6.0,3,5,258
1482499,1,237266,2021-04-11,3.5,4,1,727
1169444,3,312901,2021-11-21,7.3,5,1,974
1208439,3,365734,2021-08-31,5.8,6,1,1167
1618764,1,190766,2020-10-16,6.1,4,0,588
1823812,3,356510,2022-12-24,6.5,6,1,1087
1645820,1,356878,2021-03-31,6.6,6,1,1242
1524475,4,426348,2021-05-01,8.3,6,1,1108
1626381,4,247212,2021-01-21,2.3,4,1,521
1345926,3,308186,2020-08-18,7.2,5,1,919
1699422,1,147309,2020-05-10,2.8,3,1,447
1907377,4,362407,2020-04-05,3.4,5,1,882
1974135,4,227802,2020-04-17,7.8,3,1,446
1758719,3,249436,2020-03-06,7.6,4,1,635
1237673,4,302485,2022-09-01,3.0,4,1,714
1065281,1,49368,2020-02-12,3.9,2,3,30
1864521,3,317050,2020-08-25,5.1,5,1,966
1991768,1,75678,2021-12-23,4.9,2,3,198
1573560,3,176877,2021-08-05,10.4,3,1,413
1810420,3,34747,2020-05-07,6.0,2,5,40
1582785,4,313693,2022-05-02,6.8,4,1,712
1915648,3,359213,2020-07-12,5.7,6,1,1024
1051241,1,93551,2020-01-27,5.5,3,3,268
1223416,4,220807,2020-04-21,4.0,3,1,443
1809998,1,249821,2022-03-28,4.0,5,1,827
1390884,3,414015,2022-10-16,9.4,6,1,1206
1583370,4,476913,2021-04-12,6.1,6,1,1195
1817042,3,75352,2021-06-13,5.6,2,3,110
1851664,4,450341,2022-01-22,8.0,6,1,1124
1249429,3,105498,2021-06-17,6.7,2,3,235
1448331,1,57065,2020-08-26,6.2,2,3,70
1448472,1,32782,2021-09-27,9.9,2,5,20
1618694,3,100093,2022-02-17,4.6,2,3,208
1352580,1,334465,2020-09-08,4.2,6,1,1252
1491804,1,79410,2020-07-30,4.8,2,3,182
1662312,1,192038,2021-09-06,5.8,4,1,522
1891542,4,197489,2020-08-08,4.0,3,0,362
1402511,3,335564,2020-11-21,6.7,5,1,1019
1548177,3,195658,2021-05-21,2.9,3,1,496
1411516,3,340533,2020-10-17,5.3,5,1,1015
1764460,0,42573,2020-03-19,9.0,2,3,64
1861629,1,283525,2020-06-11,7.2,6,1,1071
1708987,4,209955,2021-10-24,7.6,3,1,385
1929473,1,162439,2020-02-27,6.4,3,1,376
1798125,1,88965,2022-12-13,5.2,2,3,239
1836761,2,52460,2022-09-28,4.4,3,4,269
1273854,0,364563,2021-10-26,6.2,5,1,984
1875485,4,161593,2020-06-04,5.6,3,0,287
1877324,2,33438,2022-05-04,8.6,2,5,88
1309830,2,52544,2021-08-06,8.0,2,3,111
1319650,3,291470,2020-06-14,6.3,5,1,848
1669937,1,247436,2022-04-02,4.9,5,1,857
1068668,3,386773,2022-05-20,7.6,6,1,1137
1576185,3,241394,2021-02-01,4.7,4,1,637
1410650,1,256953,2021-08-24,7.5,5,1,995
1455120,4,296321,2021-10-25,8.1,4,1,674
1267302,3,320225,2022-05-04,8.5,5,1,968
1942800,3,310276,2021-11-20,5.7,5,1,819
1769256,0,73822,2021-06-20,8.2,3,5,342
1030063,2,149446,2020-07-31,3.4,4,1,582
1432040,4,475347,2020-12-24,5.0,6,1,1186
1250149,4,465399,2021-08-19,5.0,6,1,1132
1937447,3,434164,2022-05-27,4.9,6,0,1265
1023229,4,462622,2022-06-11,6.2,6,1,1280
1423130,1,308771,2021-10-29,5.6,6,1,1159
1268037,4,228663,2020-01-17,5.5,3,1,462
1682594,3,361463,2020-08-17,3.1,6,1,1112
1403439,4,154127,2021-11-25,6.7,3,3,347
1834437,4,433645,2021-07-01,4.2,6,1,1119
1294049,3,308376,2020-01-03,4.4,5,1,897
1699880,3,35770,2022-01-29,6.8,2,5,0
1466345,1,372823,2022-04-17,2.8,6,1,1251
1334966,3,97039,2020-11-04,2.8,2,3,171
1998317,1,66685,2021-05-21,7.8,2,3,120
1096215,1,142705,2022-07-23,5.6,3,1,374
1914691,4,214165,2022-07-11,7.3,3,1,418
1896565,3,409483,2022-12-15,6.8,6,1,1036
1063784,4,284649,2020-11-10,4.5,4,1,656
1194038,3,294044,2020-12-01,7.9,5,1,831
1714130,1,88172,2021-01-17,6.9,2,3,233
1862943,3,149239,2021-02-26,5.9,3,1,307
1421799,4,250823,2020-11-25,5.6,4,1,556
1086971,4,50048,2020-11-16,8.2,2,5,121
1383244,0,57269,2021-01-09,3.9,2,5,137
1245960,2,163726,2020-03-18,2.6,4,1,629
1318295,0,334965,2021-12-28,6.7,5,1,951
1053077,4,111154,2020-07-07,4.5,2,3,197
1408896,2,239558,2021-11-03,5.3,5,1,860
1298078,3,185491,2021-12-06,4.8,3,1,461
1704391,4,228697,2021-05-31,6.8,3,1,509
1639742,3,191761,2020-04-12,5.9,4,1,525
1191967,1,139981,2020-10-14,1.3,3,1,354
1961535,4,343731,2022-11-01,3.4,5,1,879
1004244,3,368763,2021-06-30,6.0,6,0,1066
1936331,3,324808,2022-12-20,7.1,5,1,856
1670040,2,218768,2020-11-29,8.4,5,0,827
1738515,4,226564,2022-06-04,9.0,3,1,439
1463861,3,306287,2020-10-20,9.2,5,1,943
1263772,4,482370,2022-02-27,4.8,6,1,1229
1629059,3,328677,2020-07-26,8.3,5,1,907
1281420,4,64015,2021-08-15,8.9,2,3,14
1846122,1,304409,2022-09-14,8.1,6,1,1030
1473010,1,32946,2020-12-22,3.8,2,5,33
1205231,3,391786,2021-10-20,4.0,6,1,1138
1099156,1,346130,2021-06-12,6.5,6,1,1222
1196565,1,56791,2021-01-04,6.6,2,3,73
1757054,1,232489,2021-08-21,7.2,4,1,699
1752654,1,81256,2021-08-07,6.9,2,3,200
1736280,4,390108,2020-11-11,7.7,5,1,891
1472802,1,114011,2020-11-08,9.9,3,1,263
1537409,1,335077,2021-11-10,7.3,6,1,1102
1189929,1,148603,2022-07-16,6.5,3,1,381
1117348,3,199574,2022-11-08,5.3,3,1,513
1354601,3,121587,2020-01-01,10.5,3,3,302
1416044,1,241707,2022-11-14,4.0,4,1,709
1685299,4,127580,2021-04-08,6.9,3,3,277
1316360,2,270211,2020-08-15,3.7,6,1,1086
1528234,1,270723,2021-01-08,4.8,5,1,911
1179940,1,251728,2021-01-26,7.0,5,1,839
1378910,3,52229,2022-06-20,5.6,2,3,31
1867659,3,69508,2021-09-23,6.2,2,3,98
1579125,3,343095,2022-04-11,5.9,6,1,1031
1919474,1,39789,2020-10-26,6.6,2,5,98
1284190,2,225594,2020-12-29,5.6,5,1,834
1688352,3,374032,2020-04-27,9.2,6,1,1158
1668445,3,203867,2021-03-10,11.0,3,0,438
1608791,3,244669,2021-12-04,7.5,4,1,670
1093115,2,256222,2021-01-21,5.1,6,1,1209
1066388,3,356744,2021-09-06,3.1,6,1,1130
1111858,3,45124,2020-11-16,6.1,2,5,52
1519539,1,140497,2022-05-15,2.3,3,1,430
1414501,1,239628,2020-01-30,5.8,5,1,865
1664309,2,61728,2020-01-06,3.0,3,5,333
1592779,2,151587,2021-12-23,4.7,4,1,583
1472353,3,241305,2020-06-13,6.8,4,1,571
1752479,1,88647,2020-07-27,5.3,2,3,241
1014739,0,202688,2021-08-26,8.2,4,1,517
1014495,2,171774,2020-05-24,1.9,4,0,698
1686564,4,290939,2022-10-01,8.1,4,1,660
1176623,2,80784,2020-08-22,5.6,3,3,276
1359697,3,425749,2020-09-04,3.6,6,1,1279
1342820,4,345862,2021-12-21,7.7,5,1,808
1454970,1,206141,2021-01-05,12.3,4,1,720
1171830,3,190103,2021-09-13,3.0,3,1,411
1105394,2,210891,2022-11-10,7.3,5,1,870
1295524,3,91009,2021-09-19,6.1,2,3,195
1804728,3,187326,2021-06-11,3.7,3,1,427
1845313,4,354808,2022-08-02,6.0,5,1,847
1250132,4,445635,2020-09-04,5.9,6,1,1191
1027136,2,196924,2020-05-16,7.0,5,1,760
1913851,4,53668,2022-03-25,6.9,2,5,113
1331225,1,157508,2022-02-13,3.8,3,1,488
1976636,4,366206,2022-01-31,9.5,6,1,1054
1120502,3,224624,2021-08-29,6.8,4,1,615
1179949,4,93580,2022-10-09,5.1,3,5,326
1857501,3,225898,2020-01-22,10.4,4,1,524
1892421,3,351318,2020-06-06,2.1,5,1,987
1910080,3,334028,2021-01-14,5.7,5,1,932
1696742,3,329871,2022-11-08,6.2,5,1,1016
1855104,1,256788,2022-06-07,3.3,5,1,931
1127688,3,365627,2022-10-01,6.7,6,1,1048
1476754,4,338469,2020-12-12,6.3,5,1,959
1360173,0,152762,2022-10-26,4.6,3,1,373
1163990,0,299339,2020-01-28,7.8,5,1,1009
1845359,1,330358,2021-10-29,3.6,6,1,1098
1600913,4,277275,2022-03-08,10.0,4,1,627
1549413,2,88497,2021-10-23,6.4,3,3,319
1103870,1,282182,2021-08-01,8.0,5,1,996
1576622,4,239075,2020-08-20,5.7,3,1,477
1710617,1,225617,2022-02-25,7.0,4,1,611
1301616,3,48113,2020-08-31,5.2,2,5,122
1622761,1,284275,2021-04-12,5.0,5,1,914
1334358,1,336997,2020-04-18,9.7,6,1,1166
1855402,2,142703,2020-03-02,6.0,4,1,518
1194375,4,202858,2021-02-15,5.9,3,1,453
1601250,1,278892,2020-09-19,6.8,5,0,887
1281064,3,348346,2020-02-17,4.5,5,1,939
1923852,3,62387,2022-03-31,3.5,2,5,166
1010801,3,248213,2021-05-08,6.2,4,1,616
1924772,3,378641,2021-12-31,4.3,6,1,1171
1977188,1,63733,2022-10-19,6.9,2,3,117
1111911,1,329297,2021-02-01,4.4,6,1,1229
1606424,4,363507,2022-04-01,0.8,5,1,844
1577989,1,31877,2021-07-22,7.6,2,5,5
1962477,1,48210,2022-10-11,4.3,2,3,19
1997518,0,84111,2021-02-06,6.3,3,3,336
1509394,1,335550,2021-06-24,8.5,6,1,1196
1514204,1,290411,2020-08-06,3.8,5,1,967
1221856,2,140615,2020-05-29,6.3,3,1,516
1614278,4,452319,2022-01-05,7.3,6,1,1179
1230399,4,330420,2022-10-29,7.6,5,1,862
1242333,1,152916,2022-08-02,4.2,3,1,361
1064901,4,415168,2020-12-26,7.7,6,0,1117
1064065,3,199192,2022-08-29,5.5,3,1,467
1555650,3,263782,2020-11-29,9.5,4,1,724
1919603,4,72861,2020-01-19,4.6,2,5,185
1122377,3,110560,2020-06-08,6.4,3,3,276
1661975,3,308749,2022-01-03,9.8,5,1,965
1155893,1,333954,2022-09-10,5.3,6,1,1194
1977122,0,41767,2022-02-15,8.2,2,3,44
1940214,2,207419,2020-03-20,6.4,5,1,792
1599848,2,50829,2020-09-02,7.3,2,3,83
1356336,3,394333,2020-03-31,7.7,6,1,1181
1182916,1,312185,2022-05-29,6.1,6,1,1035
1905693,3,424665,2021-05-29,5.4,6,0,1162
1144529,3,241186,2022-08-04,2.4,4,1,647
1710057,1,321995,2021-09-16,6.7,6,1,1105
1287962,3,319634,2021-03-15,4.5,5,1,1007
1834332,1,200226,2022-05-11,4.1,4,1,559
1446830,4,235888,2020-03-01,6.2,4,1,536
1598892,0,279327,2022-12-11,5.901497617426821,6,1,1026
1422971,1,133413,2022-06-15,5.8,3,1,291
1481777,3,227722,2022-05-30,7.9,4,1,650
1749657,1,322755,2022-01-04,4.5,6,1,1180
1107132,3,272837,2021-10-26,5.5,4,1,682
1704676,4,404275,2021-07-26,6.1,6,1,1151
1791043,1,88691,2021-11-29,4.2,2,3,221
1991730,2,283943,2022-08-08,6.9,6,1,1213
1995392,4,135694,2021-11-17,7.1,3,3,314
1529311,4,89852,2022-08-08,5.9,3,5,301
1535326,3,391447,2021-01-09,9.0,6,1,1145
1140952,1,171830,2021-08-05,3.0,4,1,538
1660160,3,344209,2022-01-05,5.0,5,1,900
1573142,4,388010,2020-10-09,7.6,6,1,1042
1785391,3,317847,2022-12-18,5.2,5,1,838
1243395,4,293273,2020-04-17,3.6,5,1,800
1836640,1,70534,2021-06-09,7.2,3,5,321
1099364,2,240284,2021-06-18,6.3,5,1,1020
1886965,3,50856,2020-09-05,9.1,2,2,1
1547826,1,72898,2021-06-16,2.5,2,3,169
1265876,1,172720,2020-12-09,5.1,3,1,468
1427886,3,77660,2022-03-22,9.2,3,5,289
1187498,3,90084,2022-01-26,5.901497617426821,2,3,195
1492089,4,382832,2021-10-17,5.2,5,1,1017
1659623,3,414522,2022-12-25,4.3,6,0,1262
1800861,1,177056,2022-01-05,5.4,3,1,488
1790132,4,407650,2020-02-28,8.2,6,1,1079
1914472,1,57661,2022-07-12,6.2,2,3,78
1691248,1,103182,2022-12-16,6.9,3,3,348
1805685,2,246132,2020-12-27,4.8,5,1,959
1669743,3,223178,2022-02-13,3.6,4,1,517
1665513,2,40910,2020-05-24,5.901497617426821,2,5,206
1668109,1,145540,2020-12-07,5.3,3,0,363
1486534,3,37296,2021-04-11,3.5,2,5,21
1150212,4,56147,2020-11-27,6.2,2,5,90
1949489,3,62113,2022-04-28,4.9,2,5,223
1663573,4,292614,2021-01-26,5.4,4,1,749
1811243,2,200200,2022-03-22,5.901497617426821,5,1,790
1886285,4,169258,2021-04-03,5.9,3,1,334
1458688,4,78822,2021-04-15,6.6,2,3,72
1607640,4,119373,2021-09-11,9.6,2,3,233
1656422,3,354319,2020-03-19,5.8,6,1,1101
1418313,1,291651,2020-12-01,8.5,5,1,980
1530646,0,409857,2022-04-27,1.3,6,1,1276
1665407,3,224032,2022-06-25,7.1,3,1,501
1316807,1,31670,2022-11-25,5.6,2,5,28
1805319,2,268650,2021-10-19,7.3,6,1,1082
1952128,1,150481,2021-09-16,6.8,3,1,414
1816356,4,132108,2022-07-28,9.6,3,3,256
1972494,4,487491,2021-03-08,6.9,6,1,1225
1814706,2,57515,2022-12-26,3.3,2,3,121
1674021,3,280525,2022-01-11,6.3,4,1,700
1299166,3,188867,2022-02-10,3.3,3,1,491
1373181,2,234700,2021-05-11,7.3,5,1,824
1259632,3,186089,2021-07-19,8.4,3,1,388
1708954,1,288225,2022-12-30,10.2,6,1,1075
1938926,3,292564,2020-06-06,3.3,5,1,910
1745950,1,289848,2020-07-27,7.8,5,1,888
1941124,4,77847,2020-06-25,3.2,2,3,60
1866287,2,200658,2020-07-22,3.5,5,1,786
1364988,4,393649,2020-09-15,6.8,5,1,1015
1050654,4,222890,2021-09-23,9.1,3,1,482
1407524,3,214500,2022-02-28,5.2,4,1,555
1309502,1,242523,2020-01-08,1.9,5,0,781
1689970,3,124509,2020-01-02,0.5,3,3,310
1915241,3,242697,2022-11-07,7.0,4,1,610
1121226,0,63728,2021-04-01,3.3,2,3,91
1720010,4,92205,2022-11-01,4.1,3,5,339
1018876,1,345851,2021-12-28,6.4,6,1,1192
1210299,1,45820,2020-03-13,6.3,2,4,152
1857561,1,380120,2022-09-09,7.5,6,1,1219
1457793,3,183077,2020-06-15,2.2,3,1,380
1424659,4,429765,2022-10-18,4.3,6,1,1165
1524452,3,39609,2021-02-07,10.5,2,5,45
1368561,3,174464,2021-06-30,5.0,3,1,382
1833351,1,57463,2022-05-31,4.0,2,3,109
1564205,3,85619,2021-03-05,7.0,2,2,143
1710916,3,80856,2021-09-22,7.6,2,3,174
1565022,2,320758,2020-12-17,3.0,6,1,1187
1272848,3,400591,2020-08-11,5.2,6,1,1099
1702443,1,154017,2020-03-31,7.0,3,1,360
1590335,3,211904,2022-07-27,8.1,4,1,564
1459825,1,83115,2022-09-16,4.1,2,3,209
1317186,1,257839,2022-07-09,2.7,5,1,806
1216397,1,230782,2022-05-14,2.9,5,1,801
1226868,1,175860,2021-12-03,9.2,3,1,502
1234374,4,361978,2021-07-08,3.7,5,1,869
1999018,1,196514,2022-07-11,2.2,4,1,630
1917216,4,340932,2020-05-20,6.2,5,1,950
1310746,3,201168,2020-10-20,9.3,3,1,485
1635197,1,270396,2022-02-01,4.9,5,1,796
1876785,4,243736,2022-03-06,5.9,4,0,536
1746490,3,364049,2022-04-06,3.7,5,1,1012
1967863,4,59373,2022-02-16,5.4,2,3,7
1058813,3,74025,2022-02-15,3.2,3,5,285
1734849,3,428794,2022-09-30,7.7,6,1,1233
1208983,2,143602,2020-11-24,4.8,3,1,406
1431144,2,48633,2020-06-25,3.9,2,3,81
1388891,0,276690,2021-08-04,4.4,6,1,1135
1568591,4,209635,2020-05-28,6.3,3,1,415
1998925,4,347133,2021-04-29,3.8,5,1,915
1807631,4,82263,2021-08-26,5.9,2,3,145
1542650,1,211854,2020-08-31,5.6,4,1,682
1594333,4,461512,2021-11-11,5.9,6,1,1188
1253152,3,142323,2021-04-20,6.2,2,1,232
1447466,4,240362,2020-04-28,6.3,3,1,511
1958269,4,316081,2021-04-20,5.6,4,1,716
1028100,3,401790,2021-01-02,5.8,6,1,1238
1438855,2,33903,2020-07-14,8.1,2,5,80
1160478,1,168693,2022-07-13,4.6,4,1,587
1683152,4,206549,2021-11-01,7.2,3,1,419
1556577,2,131053,2021-07-02,5.3,3,1,422
1883576,1,310230,2022-04-24,5.9,5,1,1018
1997201,1,216142,2021-05-04,4.2,4,1,673
1491590,2,60505,2020-10-13,7.3,2,3,163
1578801,3,54326,2021-12-14,5.6,2,3,16
1755905,1,168502,2022-02-23,10.2,4,1,563
1073244,3,87390,2021-11-11,6.4,2,3,176
1507614,4,118974,2020-11-13,5.2,3,3,244
1308577,3,356394,2022-02-20,2.4,5,1,940
1623206,3,232684,2020-10-30,7.1,4,1,638
1264788,1,347600,2020-11-05,3.5,6,1,1175
1669244,1,146335,2020-03-04,7.1,3,1,402
1943618,2,171936,2020-07-30,8.0,4,1,603
1423337,1,165879,2020-11-30,5.901497617426821,3,1,480
1674075,4,69083,2020-07-05,9.3,2,5,196
1993878,2,26513,2021-07-23,4.3,2,4,24
1552013,0,338177,2022-08-19,4.5,6,1,1276
1440226,2,142301,2021-06-09,6.2,3,1,471
1313426,1,246353,2021-12-07,5.901497617426821,5,1,845
1908798,4,397562,2022-10-14,5.8,6,0,1062
1542453,1,63038,2020-06-08,4.0,2,3,84
1051195,2,250106,2021-03-02,4.0,6,1,1073
1418441,3,220148,2021-05-28,7.6,3,1,498
1283579,2,255021,2021-09-08,4.3,6,0,1090
1683219,2,57598,2021-10-06,8.1,2,3,139
1994696,4,85361,2020-12-11,6.4,2,3,105
1124893,3,75109,2021-12-28,5.5,3,5,311
1189017,1,171977,2021-02-11,4.5,4,1,530
1439034,3,384253,2020-08-12,5.901497617426821,6,1,1122
1985481,3,395048,2022-11-14,4.2,6,1,1084
1347376,1,174570,2021-04-04,4.1,3,1,507
1722310,0,71898,2020-11-15,6.1,2,2,160
1650088,3,210029,2022-05-18,5.7,4,1,541
1641816,2,49280,2022-07-27,6.4,2,3,85
1078394,3,315174,2021-11-12,7.4,5,1,938
1084396,2,175723,2022-08-02,3.4,4,1,644
1176007,1,113383,2022-02-05,4.9,2,1,213
1243789,1,144740,2022-09-17,5.6,3,1,371
1258274,1,293799,2021-03-17,6.3,5,1,1020
1699887,1,146508,2020-03-15,5.9,3,1,392
1737825,2,30704,2020-02-27,7.0,2,5,61
1348687,4,421533,2022-03-23,5.7,6,1,1044
1571579,3,235169,2022-03-16,5.8,4,1,691
1743161,3,79705,2021-11-19,4.4,2,3,154
1360727,4,291480,2020-05-13,4.3,4,1,658
1118440,1,216062,2020-07-26,6.8,4,1,613
1957388,4,294940,2020-12-03,7.0,4,1,668
1395988,4,173881,2021-11-17,5.6,3,0,287
1589535,1,165521,2022-09-28,5.9,3,0,417
1657233,1,73212,2022-12-26,6.1,2,3,146
1259142,4,504513,2022-03-15,4.0,6,1,1250
1285719,4,211525,2021-11-28,10.5,3,0,383
1051344,3,202383,2021-03-29,11.5,3,1,412
1885610,4,237387,2020-02-11,6.6,3,1,460
1635218,4,457767,2021-09-12,5.5,6,1,1247
1301257,4,283390,2021-07-19,7.9,4,1,649
1758416,4,469077,2021-03-25,5.5,6,1,1164
1005837,1,279159,2021-05-17,5.901497617426821,5,1,901
1686480,4,215839,2020-09-15,8.4,3,1,395
1849732,3,283396,2021-11-13,5.9,5,1,810
1324648,3,399945,2020-01-09,8.7,6,1,1227
1159691,2,243332,2021-11-10,8.2,6,1,1074
1499211,2,88900,2020-08-06,4.9,3,3,323
1933868,4,324034,2022-03-27,7.8,5,1,786
1104838,4,300469,2021-11-17,7.2,4,1,724
1707034,3,195084,2022-09-30,4.5,3,1,367
1422449,1,142499,2021-08-21,6.0,3,1,368
1872969,4,277024,2021-01-27,8.9,4,1,642
1664607,1,292649,2020-07-24,9.2,6,1,1057
1018486,3,161323,2020-12-06,8.3,3,1,369
1356331,3,353778,2021-07-21,5.7,6,1,1112
1687723,4,442038,2021-06-27,5.3,6,1,1200
1740928,2,276304,2022-09-02,7.1,6,1,1210
1995152,4,73992,2020-01-13,2.9,2,3,86
1522375,1,50793,2021-08-27,4.6,2,3,62
1981059,3,358661,2021-11-30,3.2,5,1,1015
1821781,4,422933,2020-03-03,6.8,6,1,1107
1103196,3,103173,2021-08-03,8.1,3,3,288
1875216,3,324721,2022-12-17,4.7,5,1,880
1509081,3,205393,2021-05-29,6.4,4,1,532
1922046,2,301855,2020-11-21,5.5,6,0,1241
1663993,3,360950,2021-08-30,6.7,6,1,1025
1140298,4,83203,2020-11-29,6.8,2,3,107
1044679,3,252681,2021-09-01,6.9,4,1,653
1710155,4,58677,2020-12-11,5.9,2,5,126
1350280,3,368903,2020-01-09,8.9,6,0,1041
1746052,2,183085,2020-03-09,4.4,4,0,694
1282336,3,278957,2020-04-03,4.6,5,1,761
1666848,3,288124,2020-09-04,7.0,5,1,788
1843549,3,291913,2022-01-19,7.0,4,1,734
1939007,4,193007,2020-07-23,6.9,3,0,355
1136950,4,66673,2022-07-24,7.3,2,5,181
1724396,0,315038,2021-02-16,4.2,5,1,926
1987790,3,70989,2022-09-03,5.8,3,5,246
1500725,0,254259,2022-03-21,8.4,4,1,622
1814426,4,349431,2022-05-18,6.5,5,1,853
1075964,3,50487,2021-05-14,4.5,2,5,125
1448500,1,179047,2022-10-30,8.6,3,0,507
1883807,4,368388,2021-12-22,4.0,5,1,981
1047819,2,141260,2022-09-02,5.5,3,1,472
1664425,4,82861,2020-07-29,4.8,3,5,264
1591027,4,261578,2021-05-12,8.4,4,1,609
1737414,1,261457,2020-03-23,6.0,5,1,898
1175659,4,314047,2021-10-27,6.8,5,1,763
1313150,1,51651,2022-12-15,7.1,2,3,53
1135470,1,64622,2022-12-14,3.8,2,3,135
1711579,2,182753,2021-04-21,5.4,4,1,621
1828008,1,222748,2020-06-25,4.6,4,1,686
1466880,1,297063,2022-05-24,5.5,5,1,929
1620118,4,316891,2021-06-12,7.3,5,1,874
1967287,2,109877,2021-09-05,9.0,3,1,344
1518604,4,295782,2020-07-16,3.5,4,0,651
1699228,2,203758,2021-02-26,6.5,5,1,784
1635060,1,40109,2020-11-06,5.2,2,5,104
1099961,3,401701,2020-11-21,4.2,6,0,1212
1459954,3,175759,2020-03-27,6.5,3,1,410
1048707,3,412947,2021-04-18,7.1,6,1,1274
1755042,1,132601,2022-05-10,6.7,3,0,286
1992509,3,63407,2021-05-21,2.6,2,3,57
1734487,3,61746,2021-02-03,5.7,2,5,175
1548850,3,310816,2022-09-22,5.2,5,1,970
1659767,3,190094,2022-06-22,9.9,3,0,400
1915994,3,395158,2021-08-07,8.4,6,1,1064
1600307,2,224787,2021-01-31,3.8,5,1,843
1456035,3,299148,2022-03-20,7.4,5,1,811
1405097,1,242077,2020-07-29,4.5,5,1,836
1322729,3,72850,2022-11-18,8.1,3,5,250
1370378,3,201231,2020-08-17,6.7,4,1,528
1064136,3,409836,2021-07-23,3.3,6,1,1261
1542454,4,227823,2022-05-17,4.9,4,1,539
1403039,1,46401,2021-12-03,5.6,2,3,9
1293951,4,342599,2021-06-13,4.7,5,1,889
1510857,4,473149,2022-04-23,6.8,6,1,1237
1411597,1,168916,2020-07-23,7.3,4,1,519
1353946,3,209450,2020-09-08,5.5,3,1,491
1215254,3,117038,2022-02-27,5.2,3,3,340
1545161,3,69303,2022-10-02,7.5,2,3,72
1725497,1,397427,2021-12-06,6.6,6,1,1249
1146287,1,202545,2022-02-16,1.8,4,0,594
1468812,1,259943,2020-01-05,4.8,5,1,864
1670747,2,283838,2020-09-07,6.8,6,1,1203
1860833,4,433885,2021-10-03,3.8,6,1,1052
1699343,3,312292,2020-10-31,7.6,5,0,905
1091146,4,372315,2022-11-12,1.6,5,1,873
1910905,3,240596,2021-06-12,6.8,4,1,607
1757253,0,223947,2021-06-01,6.8,3,1,487
1487718,3,189826,2021-08-06,5.901497617426821,3,1,421
1021690,4,300441,2022-04-21,3.3,4,1,706
1721740,3,282487,2020-06-11,8.0,5,1,828
1493815,4,145818,2022-04-14,8.0,2,1,210
1672014,1,198392,2022-01-01,5.2,4,0,633
1665493,3,369624,2022-05-10,3.0,6,1,1085
1871450,3,97161,2021-08-24,7.4,2,3,199
1127386,4,291031,2021-09-23,9.0,4,1,704
1033640,1,157763,2021-04-12,6.1,3,0,386
1132814,4,71943,2021-05-11,6.7,2,3,43
1064516,4,342012,2022-01-19,6.8,5,1,969
1045551,3,334174,2022-12-16,5.3,5,1,989
1442937,3,243545,2021-03-24,7.9,4,1,641
1235337,3,178427,2022-03-15,7.9,3,1,420
1641603,4,99054,2020-06-10,9.3,2,3,159
1864897,1,364606,2021-04-08,3.0,6,1,1230
1758049,4,106355,2021-05-11,4.6,2,3,214
1870516,3,241730,2021-01-19,1.5,4,1,640
1138096,1,164412,2021-11-10,4.8,3,1,427
1076011,4,328884,2022-07-13,6.4,5,1,791
1364811,3,307128,2020-06-23,7.6,5,1,852
1900796,3,369938,2021-12-25,5.1,6,1,1068
1751441,4,219746,2021-07-14,10.8,3,1,407
1112585,2,242954,2021-09-09,8.9,5,1,973
1412299,4,327931,2021-11-19,5.8,4,1,751
1911902,4,219360,2021-05-25,4.4,3,1,503
1308034,4,395224,2020-11-29,6.9,5,1,901
1736423,3,195166,2020-01-07,5.901497617426821,3,1,408
1236200,4,269308,2021-10-02,3.4,4,1,589
1582462,4,42887,2021-10-09,2.7,2,5,39
1219851,3,169837,2021-06-23,3.4,3,1,377
1528991,3,257328,2020-11-02,8.0,4,1,750
1483706,3,378939,2020-11-30,3.4,6,1,1129
1515009,3,295841,2021-09-22,2.9,5,0,886
1680567,3,69399,2020-08-01,7.0,2,5,241
1139708,3,217875,2022-03-24,7.4,4,1,591
1252193,4,247159,2021-12-19,5.4,4,1,605
1477649,3,335390,2021-02-01,5.9,5,1,909
1551901,3,311331,2021-07-20,5.8,5,1,922
1685455,2,251617,2020-01-09,4.5,5,1,964
1537754,3,204612,2022-06-27,5.4,3,1,473
1673726,1,205908,2021-12-23,4.6,4,1,604
1635137,2,294888,2020-03-03,6.1,6,1,1137
1719944,3,259774,2020-09-04,9.4,4,1,654
1999721,3,293483,2020-10-26,6.9,4,1,755
1883673,0,92500,2020-04-24,4.5,2,3,147
1366738,3,381268,2022-11-03,7.2,6,1,1096
1672551,1,66279,2020-07-08,4.8,3,5,261
1950864,3,125962,2020-08-18,1.4,3,3,312
1047506,4,218005,2020-11-15,2.5,3,1,408
1983578,4,110611,2020-03-21,6.6,2,3,204
1646721,4,419332,2021-10-19,2.6,6,1,1023
1526063,2,85286,2021-07-30,8.8,2,1,220
1788006,3,81248,2022-11-20,8.0,3,5,325
1178486,3,233131,2020-04-12,5.8,4,1,604
1094616,4,343161,2021-08-31,6.1,5,1,782
1036834,3,170525,2020-08-04,6.0,3,1,414
1563097,4,237056,2020-11-13,7.2,3,1,497
1133447,4,83297,2021-01-28,9.2,3,5,293
1360641,3,105307,2022-05-16,8.5,3,3,252
1960094,3,62837,2021-07-07,4.7,2,5,219
1170760,3,206257,2021-05-21,4.6,3,1,442
1850626,3,214877,2022-04-19,4.6,4,1,536
1312145,1,77512,2020-06-18,6.5,2,3,178
1803386,4,118275,2021-10-07,9.2,3,3,248
1586625,1,89628,2022-03-28,7.5,2,3,228
1244583,3,280515,2021-08-11,7.6,5,1,762
1549655,2,71413,2021-03-15,7.3,2,3,226
1851172,3,304871,2020-05-13,2.3,5,1,872
1732469,1,172248,2020-05-17,8.6,3,1,465
1544469,1,254646,2022-04-13,5.6,5,1,769
1062533,1,315295,2022-10-27,4.8,6,1,1050
1271940,2,170545,2020-06-04,7.0,4,1,632
1743394,4,76063,2022-05-14,4.6,2,3,97
1407264,2,231257,2021-02-04,11.6,5,1,928
1334580,3,381993,2020-06-08,5.5,5,1,994
1307040,4,212913,2020-06-19,8.0,3,1,404
1286998,1,315480,2021-10-26,8.5,6,1,1116
1336202,1,90218,2020-01-30,7.3,3,3,270
1340649,0,55411,2021-09-12,6.4,2,3,35
1326085,3,191358,2021-12-22,4.3,3,1,479
1561565,3,224404,2020-01-23,7.7,4,1,551
1412586,2,179849,2020-07-22,4.6,4,1,625
1045210,3,196553,2020-03-06,6.5,3,1,454
1139390,4,132222,2020-08-06,7.9,3,3,253
1914580,3,155535,2020-03-01,5.901497617426821,3,1,306
1525754,0,417292,2020-05-31,4.5,5,1,937
1249804,4,402797,2020-02-03,7.0,6,1,1024
1233422,0,245596,2022-05-20,7.3,4,1,523
1506579,3,182939,2022-07-29,6.7,3,1,411
1806013,2,282869,2020-11-29,3.5,6,1,1216
1122070,2,78794,2020-07-22,5.8,3,3,245
1225109,1,295388,2022-04-28,7.6,5,1,927
1408410,2,261754,2022-04-07,8.5,5,1,1013
1382549,1,32595,2021-11-15,5.8,2,5,15
1556095,3,395941,2020-08-22,4.7,6,1,1190
1222880,4,56699,2022-01-29,3.5,2,5,138
1885186,1,46894,2022-02-06,8.5,2,3,22
1924850,1,69717,2020-07-22,4.4,3,5,299
1269238,3,332034,2020-10-31,6.8,6,1,1021
1556467,3,191381,2022-11-25,9.7,3,1,433
1357975,3,325876,2022-10-08,3.1,5,1,875
1153743,1,327218,2021-12-12,6.2,6,1,1088
1237280,3,218892,2020-05-31,2.8,4,1,624
1745475,2,220707,2022-06-26,2.6,5,1,893
1137705,0,82074,2022-10-16,4.3,2,3,95
1941449,3,201621,2020-01-03,8.4,3,1,512
1407703,4,372761,2022-03-08,4.4,6,1,1067
1580905,3,268945,2020-03-01,6.1,5,1,791
1587710,3,404655,2022-12-24,5.8,6,1,1239
1618772,3,343958,2022-03-06,7.8,5,1,961
1891781,3,71283,2022-11-14,9.1,2,3,141
1766923,3,64484,2021-10-13,7.9,2,3,58
1299198,3,82353,2022-10-08,4.2,2,3,163
1665547,2,285215,2021-02-03,5.2,6,1,1249
1296099,1,54362,2021-06-24,3.8,2,5,168
1152072,1,212136,2020-12-15,6.4,4,1,617
1803049,1,219954,2021-06-26,2.3,4,1,710
1702505,3,128510,2020-05-14,6.5,3,2,343
1245803,2,130473,2020-11-14,8.5,3,1,445
1489487,2,275981,2022-02-19,5.6,6,1,1109
1825147,3,386064,2021-09-01,3.6,6,1,1133
1611591,3,115585,2021-12-11,10.3,2,1,203
1273651,4,52420,2020-10-25,4.4,2,5,114
1778053,4,290766,2021-10-28,8.8,4,1,680
1261270,4,448696,2020-08-11,4.5,6,0,1152
1233689,2,235595,2020-10-21,4.0,5,1,842
1226316,2,122601,2021-06-04,4.6,3,1,330
1400196,3,98060,2020-01-31,5.1,3,3,249
1266714,3,252023,2022-11-19,6.1,4,1,668
1652149,1,132859,2021-06-09,5.8,3,0,324
1665042,2,262541,2022-04-22,4.3,6,1,1032
1665574,1,45690,2022-11-15,7.5,2,3,0
1960691,1,99119,2021-10-24,6.6,3,3,281
1314027,3,322016,2022-06-19,7.2,5,1,978
1147990,4,60625,2022-09-05,6.0,2,3,3
1274479,4,76855,2022-08-29,6.6,2,5,205
1174758,3,332467,2020-04-28,8.7,5,0,913
1270531,1,220353,2021-12-23,7.0,4,1,723
1913428,2,51649,2020-01-28,7.4,2,3,127
1415208,3,370787,2020-08-16,5.3,6,1,1199
1064698,3,45205,2021-07-16,6.4,2,4,89
1393237,1,283788,2022-11-10,5.901497617426821,5,1,1010
1339548,4,457127,2020-10-06,5.5,6,1,1259
1395143,1,244834,2021-09-20,3.6,5,1,815
1774226,3,218324,2021-09-29,6.9,4,1,585
1886672,3,243865,2021-10-04,7.4,4,1,604
1903161,1,245827,2022-08-06,7.3,5,1,776
1152822,3,193125,2020-12-30,6.9,3,1,470
1349895,3,236439,2022-02-20,5.0,4,1,586
1474508,3,350224,2022-09-14,4.4,6,1,1076
1402660,3,130170,2020-03-01,3.9,2,1,205
1270480,4,67802,2020-08-12,5.0,2,3,18
1957725,3,387835,2020-10-09,9.6,6,1,1180
1526513,2,229170,2022-05-11,8.3,5,1,923
1346945,1,274344,2020-06-14,8.4,5,1,930
1622041,3,432173,2020-03-05,3.3,6,1,1278
1612349,4,80950,2021-12-27,5.8,2,3,86
1629642,3,135574,2020-09-24,2.2,2,1,222
1310526,2,300525,2022-10-22,6.8,6,1,1202
1879091,3,209767,2020-11-04,8.2,3,1,515
1317783,2,250797,2020-11-12,6.9,6,1,1118
1499712,3,289751,2022-04-05,5.4,5,1,767
1835838,2,173773,2022-12-24,7.1,4,1,685
1403013,1,188910,2022-07-04,6.8,4,1,567
1253695,0,292318,2020-05-12,7.2,5,1,775
1825018,1,237130,2022-09-08,4.7,5,1,849
1290297,4,299078,2022-12-24,6.6,4,1,672
1513609,3,89167,2022-11-11,5.9,2,3,165
1680108,3,122695,2022-05-08,4.1,3,3,294
1536829,1,210018,2021-06-19,7.7,4,1,642
1988566,4,384349,2021-07-14,7.2,5,1,906
1237950,3,371594,2021-05-30,6.6,6,1,1058
1848799,1,310817,2021-07-30,6.9,5,0,957
1866538,3,61086,2021-07-01,8.0,2,5,175
1489036,4,84418,2020-07-20,6.9,2,3,93
1069572,4,463700,2020-07-16,2.7,6,1,1255
1360687,3,267315,2022-05-25,6.2,4,1,689
1764310,3,246964,2022-09-04,7.7,4,1,736
1783178,4,181586,2021-12-04,7.7,3,1,329
1522263,3,270089,2022-09-16,4.6,4,1,703
1009325,2,194897,2021-07-24,6.7,4,1,747
1409940,0,334251,2020-12-12,5.1,6,1,1111
1203325,3,224991,2021-04-24,5.9,3,1,504
1865764,1,67103,2020-11-04,6.8,3,5,341
1877749,4,216231,2021-04-03,5.5,3,0,397
1183553,4,320124,2020-09-27,6.8,5,1,835
1124567,2,64584,2021-01-07,5.1,2,3,185
1889393,4,385238,2021-05-27,7.8,5,1,897
1502114,1,248083,2022-10-23,8.9,5,1,822
1171557,3,225972,2021-07-12,9.8,4,0,522
1019238,3,199495,2021-05-11,8.8,3,0,464
1479094,2,75716,2020-03-01,6.1,3,3,280
1422349,1,97538,2020-08-20,4.8,3,3,304
1034402,2,129899,2021-06-29,7.7,3,1,406
1943377,3,409284,2021-09-07,4.5,6,1,1161
1683570,1,265135,2020-06-23,5.8,5,1,821
1632453,1,252808,2020-01-05,4.4,5,1,807
1029841,1,99687,2020-04-12,6.3,3,3,331
1510942,0,87391,2022-04-06,3.8,2,3,153
1655586,3,366027,2020-01-31,8.4,6,1,1049
1276605,4,443580,2021-10-17,2.2,6,1,1219
1917444,3,54430,2022-08-02,5.4,2,3,20
1094153,4,483527,2022-04-24,4.4,6,1,1259
1843488,1,180991,2020-06-19,5.7,3,1,494
1437921,4,86553,2022-03-21,9.1,2,3,112
1656047,3,346097,2022-05-20,4.4,5,1,949
1169460,1,203695,2021-12-20,5.1,4,1,561
1858483,4,333975,2020-01-20,6.0,5,1,772
1771835,4,407825,2020-04-30,6.0,5,1,1008
1800459,1,283225,2022-01-10,7.5,5,1,916
1682963,4,222156,2022-03-15,6.8,3,1,450
1421023,1,314835,2021-05-01,6.4,6,1,1059
1415530,1,174921,2022-12-14,4.3,3,1,473
1930462,4,454420,2021-05-16,4.2,6,1,1056
1037459,3,76795,2021-07-03,5.0,2,3,116
1871023,2,213427,2021-08-26,8.2,5,1,903
1250128,3,178195,2022-05-24,6.5,3,1,456
1180611,4,212812,2020-09-08,4.6,3,1,372
1908090,0,388118,2020-08-30,7.3,5,1,931
1035958,4,138353,2022-01-29,6.2,3,2,279
1833753,4,403940,2020-01-03,5.7,6,1,1077
1281890,4,80587,2020-10-11,6.0,2,3,100
1049580,4,201839,2021-07-15,7.2,3,1,400
1166868,3,213801,2021-11-19,4.9,3,1,493
1464727,3,301698,2020-05-19,6.2,5,1,873
1805787,3,301352,2022-06-15,4.6,4,0,728
1552531,3,193803,2022-04-22,8.5,3,1,422
1521271,2,138603,2021-11-03,10.6,4,1,527
1167348,1,265863,2021-04-18,2.4,5,0,944
1290077,1,214252,2020-05-28,4.6,4,1,634
1150869,1,213061,2022-07-10,6.2,4,1,694
1128031,4,322419,2020-01-20,5.7,5,1,768
1168990,3,70157,2022-06-03,3.8,2,5,234
1842451,3,354734,2022-05-08,2.9,5,1,1011
1463399,1,53281,2020-04-09,5.0,2,3,107
1857954,1,239130,2021-11-14,4.9,4,1,689
1658810,4,130772,2022-10-17,7.6,3,3,264
1095867,3,359823,2022-04-18,5.1,6,1,1027
1753061,1,296112,2020-12-15,4.9,5,0,945
1637988,1,303957,2020-07-26,5.6,5,1,936
1980005,4,477670,2020-10-26,5.0,6,1,1218
1146564,4,176950,2020-10-03,5.1,3,1,316
1928734,1,53754,2020-12-28,4.9,2,5,194
1702512,3,417302,2022-02-12,6.5,6,1,1269
1281449,1,184344,2022-01-01,5.2,3,1,493
1988150,3,193043,2021-09-29,5.4,3,1,436
1458307,4,457198,2022-04-30,5.1,6,1,1154
1930561,4,417872,2020-10-03,2.8,6,1,1197
1995994,4,371174,2021-10-16,5.5,5,1,867
1127944,3,55679,2021-12-03,6.1,2,5,162
1121170,3,343058,2021-03-15,3.9,6,1,1034
1520725,2,245075,2022-04-22,4.6,5,1,1004
1071136,3,54524,2021-02-16,8.5,2,5,147
1916474,1,317340,2021-08-31,5.2,6,1,1044
1256263,1,378315,2021-02-20,4.4,6,1,1204
1477196,1,91504,2022-04-13,5.8,3,3,290
1635707,4,472319,2021-04-22,3.0,6,1,1189
1251587,1,94106,2021-02-13,2.4,2,3,216
1450091,0,345766,2020-07-29,5.5,5,1,971
1011982,4,215635,2020-01-10,7.2,4,1,528
1008985,4,417387,2022-10-12,7.0,6,1,1104
1529751,0,341815,2022-12-08,7.3,6,1,1114
1679022,4,274460,2021-09-30,5.901497617426821,4,1,645
1570368,1,173455,2020-10-26,7.2,4,1,526
1451623,0,339267,2020-03-21,2.2,6,0,1170
1130844,4,471787,2021-09-14,5.2,6,1,1150
1640403,1,292090,2021-07-31,7.8,5,0,992
1760892,1,211168,2021-05-29,5.7,4,1,614
1475202,3,255234,2022-03-23,4.3,4,1,669
1596659,3,179348,2022-12-06,7.3,3,1,358
1967491,4,466304,2022-10-20,5.901497617426821,6,1,1224
1848891,2,258820,2021-03-08,4.0,6,1,1243
1508452,3,337815,2020-02-06,4.9,6,1,1029
1482995,4,398520,2022-01-10,7.5,5,1,1014
1662358,1,217070,2021-01-15,6.3,4,0,666
1560595,2,146023,2020-11-09,6.8,3,0,463
1375107,1,185748,2021-09-28,4.4,4,1,533
1471399,4,455923,2020-02-22,6.3,6,1,1256
1330277,4,41402,2021-07-22,5.0,2,5,4
1855564,4,437908,2021-03-01,7.3,6,1,1102
1624270,3,108871,2021-05-22,2.9,2,3,224
1493721,3,294225,2022-07-17,6.9,5,1,825
1133211,4,312148,2022-06-11,8.3,5,1,832
1920396,2,246518,2020-04-17,6.6,5,1,977
1265998,1,241834,2022-09-30,8.5,5,1,818
1375134,4,486265,2022-04-18,5.2,6,1,1260
1753791,3,320010,2022-06-27,6.7,5,1,908
1365938,4,344703,2020-01-14,4.4,5,1,877
1329438,3,277294,2022-10-06,9.5,5,1,795
1840774,4,111346,2021-02-23,5.2,2,3,230
1181342,2,242347,2020-07-22,6.9,5,1,982
1545670,2,29749,2022-09-28,5.0,2,5,59
1575047,2,44366,2021-08-03,8.0,2,3,55
1229099,4,415213,2022-04-09,3.6,6,1,1113
1562788,4,198120,2020-11-21,5.7,3,1,398
1027380,3,55584,2021-01-02,8.3,2,3,13
1472163,3,179509,2022-12-23,5.3,3,1,478
1375835,4,463907,2020-09-17,5.4,6,1,1211
1037495,3,300849,2021-05-22,4.7,5,0,1000
1016104,3,216118,2020-08-06,6.4,4,1,557
1124949,3,280519,2022-08-02,8.4,4,1,731
1286904,2,29387,2021-11-17,3.6,2,5,67
1513003,3,315619,2022-05-26,6.2,5,1,854
1319066,3,111140,2020-07-03,4.7,2,2,240
1073648,4,276131,2021-10-14,6.5,4,1,656
1006587,4,254229,2020-09-07,1.9,4,1,573
1046910,1,383896,2020-07-19,7.0,6,1,1214
1950356,2,55579,2020-04-30,3.8,2,3,128
1886763,1,237106,2022-02-19,7.6,5,1,797
1071798,4,203825,2022-11-03,3.7,3,1,396
1422210,1,66572,2021-08-20,7.6,2,3,99
1022222,3,179653,2022-07-20,3.2,3,1,401
1941036,3,86839,2022-01-20,6.4,2,3,186
1094843,1,47106,2021-04-14,6.8,2,3,10
1672733,1,51634,2021-04-06,7.3,2,3,36
1677755,3,37369,2022-07-03,3.0,2,5,3
1320704,3,37360,2022-07-01,6.1,2,5,23
1325825,1,235464,2022-11-29,5.0,5,1,787
1367339,3,70371,2022-07-20,7.2,2,3,96
1720211,3,52562,2022-10-21,5.901497617426821,2,5,143
1550735,0,131551,2021-07-24,3.6,3,1,284
1382132,1,143726,2021-07-29,4.7,3,1,364
1867587,3,301040,2021-05-08,7.3,5,1,881
1406280,4,195149,2020-04-11,3.9,3,1,359
1897427,0,97706,2020-08-04,9.3,3,5,337
1879622,1,245249,2021-07-12,5.8,5,1,774
1421393,2,36466,2021-08-25,4.6,2,5,123
1921024,3,218406,2021-05-31,5.6,4,1,560
1752476,1,156297,2020-10-09,4.3,3,1,437
1291189,4,204099,2021-09-20,3.1,3,1,458
1416637,2,77186,2020-06-05,3.3,3,3,311
1954944,3,378780,2020-05-23,4.3,6,1,1128
1032687,3,43333,2020-07-21,6.0,2,5,41
1888036,3,56982,2022-08-11,7.0,2,5,175
1808939,4,327338,2020-11-13,4.8,4,1,662
1285895,3,339875,2021-01-12,3.3,5,1,987
1233627,4,419727,2020-01-20,4.5,6,1,1080
1333860,1,79258,2020-06-28,3.4,2,2,179
1444776,2,284763,2021-03-23,7.2,6,1,1225
1232228,3,312084,2020-03-19,6.1,5,1,956
1624380,4,64402,2020-11-16,8.4,2,5,177
1358710,1,243194,2020-04-14,4.1,5,1,766
1377544,3,444934,2021-01-02,6.6,6,0,1254
1267290,3,294775,2021-11-15,6.3,5,1,830
1139840,3,423537,2021-11-23,9.7,6,1,1229
1731052,3,370200,2020-02-19,5.4,6,1,1141
1112795,3,304340,2021-03-11,4.7,5,1,805
1386473,4,415688,2022-09-28,6.2,6,1,1089
1067312,3,263986,2020-03-12,4.1,4,1,681
1069910,1,281619,2021-10-10,9.3,5,1,892
1224266,3,258261,2021-06-28,4.6,4,1,668
1619080,4,267229,2020-07-10,7.1,4,0,600
1520781,3,234881,2022-02-08,5.3,4,1,608
1516889,1,294418,2021-09-17,1.8,6,1,1051
1585100,3,319656,2020-05-16,5.4,5,1,866
1030379,3,53965,2021-08-08,5.9,2,3,32
1328789,4,232730,2022-12-24,7.2,3,1,449
1659651,3,46673,2020-02-29,6.7,2,3,2
1644786,0,261715,2020-02-22,3.2,6,1,1146
1159201,4,87509,2020-12-29,5.6,2,3,122
1034795,3,247106,2022-01-04,4.6,4,1,718
1031796,0,69817,2020-10-24,2.7,3,5,304
1253220,1,168742,2022-04-29,3.1,4,1,552
1500771,3,245127,2020-09-04,5.0,4,1,657
1721933,4,278129,2021-04-17,3.4,4,1,620
1279074,4,94069,2020-02-27,6.5,3,5,335
1804281,1,142790,2021-07-24,3.5,3,1,353
1464675,3,338763,2022-06-13,7.3,6,1,1083
1298355,0,75658,2021-04-05,7.2,3,4,318
1705357,3,308984,2020-01-09,6.5,5,1,846
1992494,4,65893,2020-12-06,4.8,2,2,12
1461222,4,375200,2020-06-23,10.8,5,1,883
1328607,2,242746,2022-07-04,5.0,5,1,987
1719924,4,86846,2020-09-07,2.3,3,5,301
1261071,3,206289,2022-03-02,6.2,3,1,486
1527872,3,236010,2022-09-24,5.5,4,1,598
1440796,3,400698,2022-03-13,6.5,6,1,1215
1601956,1,71488,2020-05-13,7.3,2,3,161
1504371,0,111107,2022-10-31,3.5,3,1,298
1176745,1,285120,2022-07-18,2.7,5,1,986
1970048,0,83181,2022-06-01,2.3,2,3,87
1014145,1,89203,2020-10-03,8.2,3,3,278
1990195,1,312075,2021-02-25,4.3,5,1,998
1710943,2,46583,2022-01-01,5.1,2,2,92
1887234,3,375268,2020-05-20,9.5,6,1,1185
1729121,0,203360,2021-09-10,7.5,3,1,513
1829367,0,88707,2022-06-14,2.5,2,3,151
1884153,3,59911,2022-11-12,1.9,2,5,180
1418266,3,398613,2020-08-02,8.0,6,1,1140
1633185,2,164661,2021-03-17,8.8,4,1,589
1882753,4,88477,2020-09-24,6.5,3,5,309
1807802,1,301959,2020-02-04,5.2,6,1,1045
1791897,3,125395,2022-04-04,6.6,2,1,212
1519372,3,204365,2022-05-29,8.8,3,1,476
1657359,1,379336,2021-06-24,5.901497617426821,6,1,1264
1058044,2,231467,2021-01-31,4.9,5,1,1004
1841863,1,89209,2021-02-25,3.8,3,3,260
1025825,3,255845,2022-08-25,5.0,4,1,691
1930557,3,124484,2022-12-01,5.2,3,3,328
1436257,3,347671,2021-06-03,4.9,5,1,991
1578473,1,379867,2022-01-16,5.7,6,1,1273
1897283,0,210926,2021-01-10,3.3,3,1,365
1849901,3,416333,2021-09-05,8.7,6,1,1234
1216336,1,324966,2021-10-03,5.3,6,1,1267
1186664,3,87689,2020-06-25,7.9,2,3,207
1373696,0,246773,2021-12-10,9.8,4,1,707
1850239,1,155159,2021-05-29,6.5,3,1,426
1429619,1,186607,2020-09-08,5.7,4,1,550
1876398,3,282277,2021-01-04,6.8,4,1,729
1218910,2,27902,2021-02-19,7.7,2,5,51
1390723,4,206908,2021-06-11,6.3,4,1,529
1644934,2,219753,2021-08-18,0.6,5,1,916
1924272,1,290457,2021-12-29,7.3,6,1,1123
1458707,3,373177,2022-10-25,5.8,6,1,1127
1719139,2,261680,2020-07-19,3.8,6,1,1106
1151354,1,213912,2020-03-09,3.9,4,1,662
1975142,4,398888,2021-12-17,2.0,5,1,975
1209442,3,231873,2020-07-07,5.8,4,1,593
1518925,1,170092,2022-12-21,4.5,3,1,457
1564211,1,247907,2022-05-06,5.9,5,1,767
1422937,4,51187,2020-11-08,4.9,2,5,65
1166911,4,226629,2021-06-06,7.7,3,1,490
1807732,3,221271,2021-10-23,3.9,4,1,548
1604508,3,230186,2022-07-14,4.6,4,1,586
1991210,3,76676,2021-04-03,11.3,3,5,282
1401675,3,404199,2022-12-26,8.9,6,1,1136
1212300,3,280667,2020-04-16,7.0,4,1,738
1419111,1,56726,2020-12-28,3.2,2,3,79
1248329,0,351935,2022-06-26,6.2,5,1,1001
1569660,1,233671,2020-02-26,4.6,4,1,745
1757147,3,241756,2020-08-31,4.9,4,1,684
1438805,3,60548,2020-04-20,5.4,2,5,217
1637981,4,258938,2021-09-23,7.9,4,1,597
1881658,1,198199,2020-02-29,7.6,4,1,584
1215812,1,92779,2021-09-27,11.7,3,3,257
1664399,0,216018,2021-01-17,3.1,4,1,547
1074831,4,329695,2020-07-15,10.4,5,1,819
1049200,4,438626,2022-01-27,3.4,6,1,1063
1398077,4,275575,2022-08-04,5.7,4,1,631
1497976,2,171912,2021-01-06,8.6,4,1,637
1105017,1,305955,2022-08-18,4.1,5,1,998
1835489,3,83679,2022-07-16,6.5,2,3,193
1918204,2,252055,2022-12-29,9.5,6,1,1096
1597975,3,70882,2020-11-17,4.8,3,5,254
1211594,3,284903,2022-04-10,7.8,5,1,814
1405523,3,343381,2021-06-01,6.3,5,1,965
1147303,2,159340,2020-09-16,7.0,4,1,577
1718392,3,86335,2020-05-08,5.901497617426821,2,3,187
1386198,1,34162,2021-04-09,6.5,2,5,38
1549639,3,279547,2021-12-09,7.7,4,1,735
1040647,3,201932,2021-04-24,2.2,3,0,499
1364727,1,46274,2022-08-28,7.7,2,5,137
1125223,1,227289,2021-11-03,7.6,4,1,744
1887321,1,154440,2022-09-05,5.8,3,1,441
1598909,1,332904,2020-01-05,2.9,6,1,1072
1491632,3,73750,2020-06-25,3.2,3,5,273
1833883,4,321102,2020-03-16,4.0,4,1,733
1625589,0,210881,2022-06-14,2.6,4,1,663
1204470,4,341904,2022-03-07,8.9,5,1,780
1171863,3,326559,2022-03-28,3.3,5,1,942
1438302,2,286507,2021-03-20,6.5,6,1,1139
1241963,3,423804,2020-01-12,2.6,6,1,1270
1312507,1,74283,2022-04-12,4.7,3,5,327
1563994,4,245060,2021-01-11,5.7,3,1,459
1953903,3,277188,2021-10-09,3.6,4,1,664
1892453,4,254071,2020-07-16,5.901497617426821,4,1,549
1900407,4,409704,2021-11-14,6.4,6,1,1025
1612365,2,46828,2022-11-01,8.8,2,5,225
1246701,2,285237,2022-09-13,5.6,6,1,1154
1332844,0,365574,2022-11-22,3.4,6,0,1157
1467017,3,250883,2020-01-09,8.2,4,1,573
1784355,2,70406,2022-06-30,7.2,2,3,203
1570453,0,152657,2020-11-26,7.3,3,1,508
1487508,4,262254,2020-05-20,6.0,4,1,554
1132548,4,97239,2022-05-30,9.0,3,4,337
1509587,1,180414,2022-08-02,3.4,3,1,434
1001618,1,282662,2020-08-15,2.4,5,1,976
1510070,1,312925,2020-01-20,6.5,5,1,1003
1027849,1,249832,2021-02-24,2.8,5,1,866
1045313,3,369606,2022-07-28,7.5,6,1,1115
1032788,0,45988,2022-07-08,9.4,2,5,48
1140256,3,303749,2020-06-27,5.7,5,1,822
1624736,4,331152,2020-07-15,7.8,5,1,798
1298353,3,197702,2020-06-23,7.0,4,1,520
1625823,4,251465,2020-01-19,6.2,4,1,576
1287690,4,464356,2020-12-29,4.7,6,1,1203
1873956,1,314959,2021-11-10,6.9,6,1,1131
1098103,4,423790,2021-04-08,9.2,6,1,1157
1923248,2,241080,2021-08-17,3.8,5,1,984
1566683,3,239102,2021-11-18,3.6,4,1,596
1410579,3,331013,2021-06-30,6.9,6,1,1037
1188073,3,287810,2020-12-15,6.9,4,1,732
1049250,4,399148,2020-08-11,4.2,5,1,903
1482978,3,284099,2022-10-26,5.4,5,1,793
1543604,3,326659,2021-09-21,7.8,5,1,896
1668276,4,487870,2021-01-18,6.9,6,1,1168
1922972,4,89160,2022-09-18,4.1,3,5,348
1121506,3,287850,2022-11-15,9.0,5,1,926
1839067,4,251620,2020-11-14,3.7,4,1,531
1486915,3,253884,2020-07-25,5.0,4,1,646
1871098,2,179692,2020-01-26,7.5,4,1,685
1867281,4,107651,2021-09-22,4.6,2,3,188
1435319,1,44035,2021-12-25,4.6,2,4,109
1282303,3,42598,2021-01-11,6.9,2,5,54
1759657,4,457596,2022-10-25,9.3,6,1,1221
1810913,4,246691,2021-10-22,6.9,4,1,592
1944176,1,229350,2020-08-13,7.3,4,1,757
1617244,4,254541,2022-01-31,6.8,4,1,534
1897399,3,67388,2021-08-27,6.7,2,3,63
1643856,3,61178,2022-10-18,5.7,2,3,74
1200264,4,472798,2021-11-05,6.6,6,1,1240
1450742,1,359793,2020-12-15,3.0,6,1,1236
1927616,3,310380,2021-12-31,5.3,5,1,816
1886105,4,214140,2020-07-06,7.4,3,1,370
1781744,1,275702,2022-09-16,5.0,5,1,899
1207020,1,246349,2022-03-16,5.3,5,0,804
1867890,4,449336,2022-09-08,7.1,6,1,1275
1090445,2,129812,2022-05-14,7.1,3,1,451
1840409,3,415694,2022-02-05,8.4,6,1,1208
1840163,3,89365,2022-11-29,5.7,2,3,169
1260544,3,116552,2020-06-15,11.8,3,3,317
1880762,4,114727,2022-02-22,1.7,3,3,271
1328959,3,171043,2021-11-14,3.5,3,0,352
1245466,3,220595,2022-09-24,2.5,3,1,514
1440583,3,282206,2022-08-30,6.4,5,1,777
1803126,4,448512,2022-10-01,4.6,6,1,1198
1124806,0,390983,2020-03-21,3.6,6,1,1065
1542713,1,370456,2021-03-02,5.7,6,1,1246
1626141,1,315898,2020-11-22,3.5,6,1,1093
1341975,4,406686,2022-05-23,8.3,6,1,1070
1755997,1,209335,2022-04-19,5.2,4,1,637
1550067,4,323755,2020-12-13,3.7,5,1,799
1567024,1,203117,2020-08-18,4.8,4,0,566
1509334,3,384130,2022-08-31,6.4,6,1,1079
1137000,3,262497,2020-01-20,7.9,4,1,689
1778709,0,354953,2021-05-26,6.3,5,1,997
1693997,4,416775,2020-08-09,2.4,5,1,988
1368878,3,120459,2022-02-17,8.7,3,3,345
1667394,3,302106,2020-09-14,7.7,5,1,794
1300404,0,200253,2020-08-30,5.4,3,1,429
1820194,1,394223,2020-05-12,6.3,6,1,1271
1511093,1,241750,2022-07-27,6.5,5,1,765
1240644,2,145226,2021-11-26,7.1,4,1,574
1458817,1,55789,2021-07-13,4.6,2,3,47
1896257,2,275148,2020-01-16,6.1,6,1,1038
1784296,3,209861,2021-05-02,4.0,3,1,475
1483175,4,66272,2020-12-31,8.4,2,5,189
1441365,3,76998,2022-01-10,7.7,3,5,266
1693374,1,352449,2021-11-20,6.9,6,1,1174
1386213,1,74700,2020-05-02,4.7,2,2,184
1586352,3,60350,2020-03-18,6.9,2,3,38
1698956,4,60213,2022-08-22,6.5,2,3,16
1267799,3,364906,2022-01-24,6.5,6,1,1082
1542591,1,58051,2022-12-12,5.4,2,3,68
1097108,4,221941,2021-09-16,5.2,3,1,474
1772362,1,335588,2020-08-24,6.8,6,1,1142
1040638,2,177220,2020-02-28,3.4,4,1,632
1256594,4,249923,2022-05-04,4.2,4,1,535
1819804,1,231562,2021-10-25,4.9,4,1,693
1035550,1,58922,2020-03-01,4.2,2,3,103
1744369,3,358828,2020-11-01,4.4,6,1,1047
1806912,1,250580,2022-08-24,6.3,5,1,785
1130933,3,405419,2021-11-27,6.2,6,1,1223
1944797,4,437068,2022-10-13,5.6,5,1,958
1514297,4,428646,2021-09-05,3.9,6,1,1226
1133435,4,54959,2022-04-28,6.1,2,5,106
1723878,3,95010,2020-04-19,5.8,2,3,191
1375644,4,57317,2020-03-06,7.6,2,5,101
1089831,3,408034,2020-01-26,4.1,6,1,1091
1236347,4,493093,2020-05-06,4.3,6,1,1235
1033968,1,55256,2021-11-23,5.3,2,3,49
1164142,3,201349,2020-02-26,9.0,4,1,546
1480021,1,81989,2020-02-21,3.1,2,3,190
1314840,3,330710,2022-08-01,7.0,5,1,925
1092241,4,374648,2021-05-28,3.9,5,1,941
1577275,1,209144,2021-07-27,1.1,4,1,581
1583062,4,453651,2020-09-24,5.3,6,0,1266
1556675,3,226280,2022-02-08,3.2,4,1,602
1763175,3,284961,2021-02-02,3.5,4,1,741
1562955,3,147028,2021-02-28,4.9,3,1,265
1472753,1,247921,2021-03-13,9.1,5,1,773
1435410,3,80275,2020-09-13,4.1,2,3,119
1303692,3,329420,2022-12-21,7.9,5,1,948
1658159,3,302554,2022-06-24,5.0,5,1,884
1293497,3,325426,2022-12-26,8.5,5,1,887
1935823,3,325309,2021-02-27,5.7,5,0,1006
1112926,3,49191,2021-08-21,8.9,2,3,8
1049091,3,291828,2020-04-21,3.6,4,1,759
1949839,3,204897,2021-03-20,5.0,3,1,492
1653992,3,38223,2021-08-15,3.6,2,5,17
1777242,4,252737,2022-05-28,7.5,4,1,544
1903260,3,85885,2020-07-11,6.7,2,3,183
1328828,1,283897,2020-07-28,5.0,6,1,1059
1224317,3,321064,2020-06-19,8.2,5,1,885
1461323,1,206366,2021-09-04,6.6,4,1,579
1932137,2,175498,2020-05-28,10.0,4,1,639
1669460,3,348579,2022-11-06,7.1,5,1,1005
1558240,1,320767,2022-09-29,8.1,6,1,1100
1226541,2,68947,2021-01-01,6.5,2,3,200
1170602,3,61095,2020-11-18,5.901497617426821,2,3,46
1072523,4,67445,2020-06-13,2.2,2,3,25
1060994,3,285350,2020-02-09,5.0,5,1,779
1149032,1,332813,2020-10-17,6.3,6,1,1148
1124211,3,386810,2020-07-23,3.7,6,1,1115
1306326,3,416637,2022-08-20,8.9,6,1,1254
1120760,1,281211,2020-03-26,9.5,5,1,983
1232992,4,305999,2021-07-15,7.2,4,1,678
1937829,2,233111,2020-10-24,5.901497617426821,5,1,859
1066669,2,165772,2021-07-09,5.8,4,0,526
1625844,1,36456,2021-10-10,4.4,2,5,94
1414175,4,442733,2020-04-07,6.4,6,1,1146
1480243,1,345394,2022-04-14,4.3,6,1,1265
1762846,1,346208,2022-08-18,5.0,6,1,1172
1726453,4,245611,2021-03-09,2.7,4,1,579
1985167,0,170290,2020-04-30,4.6,4,1,701
1784112,3,203791,2022-03-18,5.0,3,1,432
1302367,4,280949,2022-03-18,3.7,4,1,646
1553108,1,98219,2022-01-27,5.8,3,3,255
1627678,1,168615,2020-09-26,7.8,3,1,435
1925306,2,233756,2020-09-12,5.901497617426821,6,1,1050
1981077,4,206819,2021-08-30,1.3,3,1,423
1600359,3,406906,2020-06-04,5.5,6,1,1183
1860913,3,82488,2021-05-08,4.3,2,3,149
1221789,3,193858,2021-11-18,6.3,4,1,537
1712095,3,269966,2022-10-22,4.0,5,1,813
1869173,4,319962,2022-03-17,2.7,4,1,742
1357211,4,421254,2020-03-07,7.9,5,1,1018
1173096,2,203069,2021-11-14,1.7,5,1,858
1173813,2,253487,2022-06-16,7.3,6,1,1080
1519704,3,322872,2020-11-25,3.1,5,1,894
1895182,3,278037,2021-11-01,7.7,4,1,743
1960720,2,206878,2021-08-14,8.6,4,1,737
1580529,3,190333,2021-08-11,1.0,3,1,406
1676562,4,60819,2022-11-27,1.8,2,3,23
1722765,4,415206,2020-07-01,7.2,6,1,1138
1046302,1,207444,2020-01-10,4.4,4,1,570
1619232,4,399131,2021-07-02,9.5,5,1,990
1342593,3,328729,2022-06-22,3.5,5,1,890
1591145,3,389975,2021-04-29,6.8,6,1,1253
1750679,2,215576,2021-07-24,8.1,5,1,882
1307813,2,48745,2021-09-21,5.7,2,3,102
1306187,1,201135,2022-01-24,6.4,4,1,592
1393254,2,199518,2020-10-14,4.3,5,1,764
1066607,4,212402,2022-05-25,10.9,3,0,455
1742084,4,115929,2022-10-04,1.9,2,3,202
1442800,1,252543,2021-08-15,6.8,5,1,828
1451857,1,338942,2020-09-08,4.4,6,1,1043
1882731,0,416639,2022-12-24,8.8,6,1,1030
1680805,3,313655,2021-04-15,6.1,5,1,960
1145723,4,288925,2021-07-07,0.8,4,1,628
1269355,1,209116,2021-03-09,6.0,4,1,619
1330040,1,370352,2020-09-05,7.6,6,1,1277
1811893,1,273661,2022-08-22,4.1,5,1,962
1422432,3,366141,2020-07-05,3.9,6,1,1281
1501985,2,193984,2022-04-15,4.7,4,1,719
1224962,1,31437,2020-09-18,9.0,2,4,6
1487089,2,105259,2022-08-22,4.2,3,1,296
1010498,3,174896,2022-02-16,5.0,3,1,357
1939641,4,426712,2021-03-14,5.5,6,1,1097
1834295,3,198761,2020-01-19,6.9,3,1,428
1293594,0,50500,2020-08-21,6.4,2,3,112
1019689,3,368647,2020-08-27,4.6,6,1,1039
1443538,1,197745,2020-11-10,6.1,4,1,557
1004906,4,329353,2021-06-05,5.8,5,1,817
1400177,3,170773,2022-06-17,3.7,3,1,394
1075564,1,256015,2022-09-23,2.1,5,1,833
1366380,4,95600,2022-04-08,7.4,3,5,305
1179477,2,73454,2020-08-27,7.3,2,3,226
1041659,1,329269,2021-02-14,7.4,6,1,1247
1050073,1,48872,2021-04-06,5.5,2,3,26
1513415,3,73807,2022-04-23,4.6,2,3,131
1924073,1,72877,2020-10-21,7.0,2,3,155
1889567,4,412432,2021-04-17,5.9,6,1,1154
1911983,3,315738,2020-10-21,2.7,5,1,855
1703153,3,317415,2020-09-29,5.6,5,1,826
1345078,4,65164,2020-05-09,6.5,2,5,167
1545295,3,377613,2022-09-04,3.1,6,1,1193
1171582,4,146513,2020-09-10,8.4,2,1,229
1533230,4,250696,2020-01-26,4.8,4,1,572
1407557,1,308470,2021-03-08,9.5,6,1,1055
1509984,1,339950,2021-02-13,6.4,6,1,1217
1124935,3,197975,2021-07-13,5.7,3,1,483
1048748,3,281254,2021-02-07,6.0,4,1,758
1599868,3,304952,2020-12-25,4.6,5,0,840
1647410,0,229839,2020-09-30,8.7,4,1,618
1927805,3,382711,2020-12-28,6.7,6,1,1143
1186022,4,324161,2020-07-11,5.9,4,1,726
1697785,3,113939,2021-12-04,9.0,3,3,283
1401538,4,309532,2021-06-21,5.2,4,1,753
1424107,3,366583,2022-01-05,5.901497617426821,6,1,1147
1468987,3,80439,2022-01-29,7.8,2,3,114
1580468,4,80029,2021-05-19,6.7,2,2,82
1383706,0,319682,2020-11-29,2.4,5,1,837
1502203,1,231329,2021-09-19,4.2,4,0,725
1362207,2,169454,2022-09-25,6.9,4,1,675
1123892,2,198661,2022-02-17,7.3,5,1,841
1327295,1,358304,2020-10-10,6.2,6,1,1280
1058161,2,176612,2022-11-01,6.8,4,1,661
1822037,4,197827,2021-04-03,5.4,3,1,384
1679272,1,162099,2021-12-06,5.0,3,1,424
